AUC,Accuracy,Function called,Precision at .05,Precision at .10,Precision at .2,Precision at .25,Precision at .5,Precision at .75,Precision at .85,Recall at .05,Recall at .10,Recall at .20,Recall at .25,Recall at .5,Recall at .75,Recall at .85,f1 at 0.05,f1 at 0.1,f1 at 0.2,f1 at 0.25,f1 at 0.5,f1 at 0.75,f1 at 0.85,test_time (sec),train_time (sec)
0.705652052407 (0.00502135402176),0.932486666667 (0.00169739669952),GaussianNB(),0.261692205197 (0.0128108891051),0.210863045651 (0.00636934104737),0.158773537744 (0.0040577853705),0.141527796294 (0.00429234692177),0.101459902673 (0.0022610190708),0.0800675525532 (0.0019640554708),0.073408885926 (0.00191451810249),0.195880947529 (0.008171421426),0.315563516872 (0.00491286068503),0.475165775104 (0.00437368316538),0.529384483919 (0.00746040824635),0.759097740061 (0.0077065884309),0.898486220879 (0.00762532998096),0.933544595649 (0.00605708230981),0.224022801934 (0.0097451602358),0.252766649502 (0.00571678541903),0.237989994027 (0.00478974487827),0.223324182593 (0.00580204933973),0.178984748392 (0.00353467934587),0.147026092701 (0.00333693552695),0.136109159224 (0.00332001163221),0.00792579650879 (0.00117738612079),0.0384843826294 (0.00183420342303)
0.642504020947 (0.0122106005098),0.933313333333 (0.00159924982414),"LogisticRegression(C=0.5, class_weight=None, dual=False, fit_intercept=True,
          intercept_scaling=1, max_iter=100, multi_class='ovr', n_jobs=7,
          penalty='l1', random_state=None, solver='liblinear', tol=1,
          verbose=0, warm_start=False)",0.148301132578 (0.0201661935728),0.134088637121 (0.0109418743701),0.118046992168 (0.00615400840531),0.112784962005 (0.00463125277223),0.0927804813012 (0.00293598470416),0.0782187458335 (0.00338171856891),0.0729540018039 (0.0027298906288),0.110980186653 (0.0142609550146),0.200647799161 (0.0149680684976),0.353329729291 (0.0173149139001),0.421991905092 (0.0164940886215),0.694423629405 (0.02534253101),0.877990481843 (0.0379592372356),0.927888054199 (0.0298485286233),0.126935743623 (0.0166405358078),0.160727780567 (0.0125138041587),0.176949247105 (0.00888232274066),0.177979524211 (0.00700403558864),0.163680904194 (0.0051337593894),0.143634657918 (0.00614331734913),0.135267193396 (0.00494653719905),0.00131525993347 (0.000248379738415),0.0738370418549 (0.00781527289631)
0.573055774579 (0.00637870808034),0.933126666667 (0.00157104353147),"LogisticRegression(C=0.1, class_weight='balanced', dual=False,
          fit_intercept=True, intercept_scaling=1, max_iter=100,
          multi_class='ovr', n_jobs=7, penalty='l2', random_state=None,
          solver='liblinear', tol=1, verbose=0, warm_start=False)",0.0766155896069 (0.00455766325822),0.0869043652116 (0.00442772015778),0.0921179803366 (0.00339616442669),0.0903879482736 (0.00343219602827),0.0808346110259 (0.00273903058588),0.0729656459713 (0.00208252687649),0.070624681385 (0.00168994327113),0.0573185482059 (0.00239488123264),0.130018907685 (0.00487882729808),0.275665632578 (0.00721050215321),0.338082926247 (0.00874214726292),0.60466192262 (0.0115462309542),0.81877428464 (0.012812219658),0.898199689421 (0.00765345029907),0.0655675653982 (0.00319042279478),0.10416250787 (0.00463465253939),0.138075779507 (0.00454168386152),0.142626670541 (0.00490694978722),0.142596390791 (0.00449864422518),0.133984774691 (0.00360467794677),0.130947542896 (0.00291922492313),0.00139579772949 (0.000200981437592),0.0749775886536 (0.00349976324334)
0.573055774579 (0.00637870808034),0.933126666667 (0.00157104353147),"LogisticRegression(C=0.5, class_weight='balanced', dual=False,
          fit_intercept=True, intercept_scaling=1, max_iter=100,
          multi_class='ovr', n_jobs=7, penalty='l2', random_state=None,
          solver='liblinear', tol=1, verbose=0, warm_start=False)",0.0766155896069 (0.00455766325822),0.0869043652116 (0.00442772015778),0.0921179803366 (0.00339616442669),0.0903879482736 (0.00343219602827),0.0808346110259 (0.00273903058588),0.0729656459713 (0.00208252687649),0.070624681385 (0.00168994327113),0.0573185482059 (0.00239488123264),0.130018907685 (0.00487882729808),0.275665632578 (0.00721050215321),0.338082926247 (0.00874214726292),0.60466192262 (0.0115462309542),0.81877428464 (0.012812219658),0.898199689421 (0.00765345029907),0.0655675653982 (0.00319042279478),0.10416250787 (0.00463465253939),0.138075779507 (0.00454168386152),0.142626670541 (0.00490694978722),0.142596390791 (0.00449864422518),0.133984774691 (0.00360467794677),0.130947542896 (0.00291922492313),0.00138368606567 (0.000269640918969),0.0753617763519 (0.0021038462673)
0.625741135795 (0.0271111798433),0.933313333333 (0.00161239642217),"LogisticRegression(C=0.1, class_weight=None, dual=False, fit_intercept=True,
          intercept_scaling=1, max_iter=100, multi_class='ovr', n_jobs=7,
          penalty='l1', random_state=None, solver='liblinear', tol=1,
          verbose=0, warm_start=False)",0.136309127249 (0.017889532307),0.127090969677 (0.0111090524164),0.114747542076 (0.00365938403101),0.108465537928 (0.00316674264074),0.0895806946204 (0.00615641415077),0.0766365939292 (0.00487561232711),0.0719579624328 (0.00348172175568),0.102226510623 (0.014615823192),0.190436108914 (0.0187648608159),0.343579623411 (0.0132351082789),0.405846852099 (0.0112843648865),0.670097037135 (0.0424612765122),0.859748596408 (0.0467466704806),0.915018111767 (0.0358556419046),0.11681548031 (0.0160570430783),0.152423498279 (0.0139047674343),0.172019612933 (0.00550720322089),0.171164961369 (0.00464678669248),0.158025060497 (0.0106870739612),0.140722590526 (0.00880024420265),0.13341807263 (0.00631562232781),0.00130281448364 (0.00030370209685),0.0753808021545 (0.00348888035654)
0.573055774579 (0.00637870808034),0.933126666667 (0.00157104353147),"LogisticRegression(C=0.01, class_weight='balanced', dual=False,
          fit_intercept=True, intercept_scaling=1, max_iter=100,
          multi_class='ovr', n_jobs=7, penalty='l2', random_state=None,
          solver='liblinear', tol=1, verbose=0, warm_start=False)",0.0766155896069 (0.00455766325822),0.0869043652116 (0.00442772015778),0.0921179803366 (0.00339616442669),0.0903879482736 (0.00343219602827),0.0808346110259 (0.00273903058588),0.0729656459713 (0.00208252687649),0.070624681385 (0.00168994327113),0.0573185482059 (0.00239488123264),0.130018907685 (0.00487882729808),0.275665632578 (0.00721050215321),0.338082926247 (0.00874214726292),0.60466192262 (0.0115462309542),0.81877428464 (0.012812219658),0.898199689421 (0.00765345029907),0.0655675653982 (0.00319042279478),0.10416250787 (0.00463465253939),0.138075779507 (0.00454168386152),0.142626670541 (0.00490694978722),0.142596390791 (0.00449864422518),0.133984774691 (0.00360467794677),0.130947542896 (0.00291922492313),0.00149064064026 (0.000152090902399),0.0760854244232 (0.00425464367972)
0.612945437279 (0.0303362000108),0.933326666667 (0.00158932550334),"LogisticRegression(C=1, class_weight=None, dual=False, fit_intercept=True,
          intercept_scaling=1, max_iter=100, multi_class='ovr', n_jobs=7,
          penalty='l1', random_state=None, solver='liblinear', tol=1,
          verbose=0, warm_start=False)",0.144703530979 (0.0171642505859),0.131756081306 (0.011228354081),0.115514080987 (0.00645165885549),0.109772030396 (0.00551262653082),0.0869675354976 (0.00420439435425),0.0739433802942 (0.00170427453435),0.0702011685816 (0.000790298875411),0.108585952174 (0.0148150184647),0.197549730057 (0.0200711520038),0.346125426872 (0.0243793905161),0.411178976739 (0.0277473851986),0.651513688791 (0.0442264603417),0.830478825671 (0.0347790159308),0.89323896875 (0.0215738678635),0.124051984227 (0.015944002818),0.158058305888 (0.0144398349249),0.173200197295 (0.0102056575061),0.173266259902 (0.00925725227152),0.153442230096 (0.00773677262725),0.135789958299 (0.00328900704592),0.130166808074 (0.00142984091074),0.00143241882324 (0.000325367346232),0.0772741794586 (0.00167761669793)
0.573055774579 (0.00637870808034),0.933126666667 (0.00157104353147),"LogisticRegression(C=1, class_weight='balanced', dual=False,
          fit_intercept=True, intercept_scaling=1, max_iter=100,
          multi_class='ovr', n_jobs=7, penalty='l2', random_state=None,
          solver='liblinear', tol=1, verbose=0, warm_start=False)",0.0766155896069 (0.00455766325822),0.0869043652116 (0.00442772015778),0.0921179803366 (0.00339616442669),0.0903879482736 (0.00343219602827),0.0808346110259 (0.00273903058588),0.0729656459713 (0.00208252687649),0.070624681385 (0.00168994327113),0.0573185482059 (0.00239488123264),0.130018907685 (0.00487882729808),0.275665632578 (0.00721050215321),0.338082926247 (0.00874214726292),0.60466192262 (0.0115462309542),0.81877428464 (0.012812219658),0.898199689421 (0.00765345029907),0.0655675653982 (0.00319042279478),0.10416250787 (0.00463465253939),0.138075779507 (0.00454168386152),0.142626670541 (0.00490694978722),0.142596390791 (0.00449864422518),0.133984774691 (0.00360467794677),0.130947542896 (0.00291922492313),0.00146059989929 (0.000139174333198),0.0778462409973 (0.00503984884575)
0.503506641757 (0.00202173654603),0.93266 (0.00218910433232),"SGDClassifier(alpha=0.0001, average=False, class_weight=None, epsilon=0.1,
       eta0=0.0, fit_intercept=True, l1_ratio=0.15,
       learning_rate='optimal', loss='modified_huber', n_iter=5, n_jobs=7,
       penalty='l2', power_t=0.5, random_state=None, shuffle=True,
       verbose=0, warm_start=False)",0.06684 (0.00160518603975),0.06684 (0.00160518603975),0.06684 (0.00160518603975),0.06684 (0.00160518603975),0.06684 (0.00160518603975),0.06684 (0.00160518603975),0.06684 (0.00160518603975),1.0 (0.0),1.0 (0.0),1.0 (0.0),1.0 (0.0),1.0 (0.0),1.0 (0.0),1.0 (0.0),0.125300392819 (0.00282143439235),0.125300392819 (0.00282143439235),0.125300392819 (0.00282143439235),0.125300392819 (0.00282143439235),0.125300392819 (0.00282143439235),0.125300392819 (0.00282143439235),0.125300392819 (0.00282143439235),0.00116782188416 (0.000113671557834),0.0824518203735 (0.000177552990722)
0.604434987303 (0.0263282033167),0.933333333333 (0.00159596713973),"LogisticRegression(C=0.01, class_weight=None, dual=False, fit_intercept=True,
          intercept_scaling=1, max_iter=100, multi_class='ovr', n_jobs=7,
          penalty='l1', random_state=None, solver='liblinear', tol=1,
          verbose=0, warm_start=False)",0.142838107928 (0.0229033310311),0.12395868044 (0.0146435923673),0.108715214131 (0.0100186429292),0.103532862285 (0.00837773465349),0.0861809212719 (0.00615309286117),0.0738278298742 (0.00437304864045),0.0703423395161 (0.00333190137847),0.107055331518 (0.0176506237908),0.185767326097 (0.0233709883657),0.32557289893 (0.0314428229844),0.387467978308 (0.0327350730828),0.64458991739 (0.0416955248494),0.828171608358 (0.039189228758),0.894374082563 (0.0308388532431),0.122368077745 (0.019895121647),0.14867565803 (0.0179534179885),0.162983597359 (0.015112000159),0.163387754248 (0.0132443643478),0.152025560075 (0.0106669323362),0.13556417423 (0.00785559036979),0.130421483491 (0.00601303669042),0.00152916908264 (0.000286482296354),0.0826189994812 (0.00628966289178)
0.572218330771 (0.00637386010131),0.93316 (0.00160518603975),"LogisticRegression(C=0.1, class_weight=None, dual=False, fit_intercept=True,
          intercept_scaling=1, max_iter=100, multi_class='ovr', n_jobs=7,
          penalty='l2', random_state=None, solver='liblinear', tol=1,
          verbose=0, warm_start=False)",0.0739506995336 (0.00739476984704),0.0862379206931 (0.00487188720626),0.0922512914514 (0.00338830595624),0.0904412744967 (0.00349541088177),0.0813412439171 (0.00183987734151),0.0732767432559 (0.00178000827714),0.0707501666601 (0.00160795223752),0.0552694982501 (0.00439545271997),0.129003884407 (0.00536484770617),0.276065101708 (0.00718437433758),0.33827721066 (0.00888614977815),0.608592643137 (0.00810245806103),0.822311669261 (0.00945226015723),0.899821155793 (0.00774248918914),0.0632508578038 (0.00557217377673),0.103357954049 (0.00513212421677),0.138275681671 (0.00452947119534),0.142710370297 (0.00500401209094),0.143494006134 (0.00290854077606),0.134556663632 (0.00303473862568),0.131180481241 (0.00276767314826),0.00146322250366 (0.000270672126062),0.087197971344 (0.00790988801449)
0.572218330771 (0.00637386010131),0.93316 (0.00160518603975),"LogisticRegression(C=0.01, class_weight=None, dual=False, fit_intercept=True,
          intercept_scaling=1, max_iter=100, multi_class='ovr', n_jobs=7,
          penalty='l2', random_state=None, solver='liblinear', tol=1,
          verbose=0, warm_start=False)",0.0739506995336 (0.00739476984704),0.0862379206931 (0.00487188720626),0.0922512914514 (0.00338830595624),0.0904412744967 (0.00349541088177),0.0813412439171 (0.00183987734151),0.0732767432559 (0.00178000827714),0.0707501666601 (0.00160795223752),0.0552694982501 (0.00439545271997),0.129003884407 (0.00536484770617),0.276065101708 (0.00718437433758),0.33827721066 (0.00888614977815),0.608592643137 (0.00810245806103),0.822311669261 (0.00945226015723),0.899821155793 (0.00774248918914),0.0632508578038 (0.00557217377673),0.103357954049 (0.00513212421677),0.138275681671 (0.00452947119534),0.142710370297 (0.00500401209094),0.143494006134 (0.00290854077606),0.134556663632 (0.00303473862568),0.131180481241 (0.00276767314826),0.00142059326172 (0.000206947744167),0.0872385501862 (0.0083625428199)
0.503169856948 (0.00203591414116),0.93304 (0.00150663716785),"SGDClassifier(alpha=0.0001, average=False, class_weight=None, epsilon=0.1,
       eta0=0.0, fit_intercept=True, l1_ratio=0.15,
       learning_rate='optimal', loss='modified_huber', n_iter=5, n_jobs=7,
       penalty='elasticnet', power_t=0.5, random_state=None, shuffle=True,
       verbose=0, warm_start=False)",0.06684 (0.00160518603975),0.06684 (0.00160518603975),0.06684 (0.00160518603975),0.06684 (0.00160518603975),0.06684 (0.00160518603975),0.06684 (0.00160518603975),0.06684 (0.00160518603975),1.0 (0.0),1.0 (0.0),1.0 (0.0),1.0 (0.0),1.0 (0.0),1.0 (0.0),1.0 (0.0),0.125300392819 (0.00282143439235),0.125300392819 (0.00282143439235),0.125300392819 (0.00282143439235),0.125300392819 (0.00282143439235),0.125300392819 (0.00282143439235),0.125300392819 (0.00282143439235),0.125300392819 (0.00282143439235),0.00121459960937 (0.000110912938006),0.109846162796 (0.00258616086204)
0.506047025488 (0.00175301875843),0.926673333333 (0.00710221874565),"SGDClassifier(alpha=0.0001, average=False, class_weight=None, epsilon=0.1,
       eta0=0.0, fit_intercept=True, l1_ratio=0.15,
       learning_rate='optimal', loss='modified_huber', n_iter=5, n_jobs=7,
       penalty='l1', power_t=0.5, random_state=None, shuffle=True,
       verbose=0, warm_start=False)",0.06684 (0.00160518603975),0.06684 (0.00160518603975),0.06684 (0.00160518603975),0.06684 (0.00160518603975),0.06684 (0.00160518603975),0.06684 (0.00160518603975),0.06684 (0.00160518603975),1.0 (0.0),1.0 (0.0),1.0 (0.0),1.0 (0.0),1.0 (0.0),1.0 (0.0),1.0 (0.0),0.125300392819 (0.00282143439235),0.125300392819 (0.00282143439235),0.125300392819 (0.00282143439235),0.125300392819 (0.00282143439235),0.125300392819 (0.00282143439235),0.125300392819 (0.00282143439235),0.125300392819 (0.00282143439235),0.00130000114441 (0.000226681514198),0.160067081451 (0.123399638771)
0.684301026832 (0.0541172045797),0.93316 (0.00160518603975),"ExtraTreesClassifier(bootstrap=True, class_weight=None, criterion='gini',
           max_depth=1, max_features='log2', max_leaf_nodes=None,
           min_samples_leaf=1, min_samples_split=2,
           min_weight_fraction_leaf=0.0, n_estimators=25, n_jobs=7,
           oob_score=False, random_state=None, verbose=0, warm_start=False)",0.170559598068 (0.0877518207487),0.156274966114 (0.0681468751049),0.129878084462 (0.0411092067218),0.116153850692 (0.028894594817),0.0879963140979 (0.00728385590249),0.0747740421333 (0.00426732903845),0.0682956774298 (0.00270668293515),0.487625315636 (0.26764995198),0.508769340151 (0.253093635745),0.61492084365 (0.192404587111),0.673962650655 (0.145985166394),0.842680001223 (0.105602923176),0.962289900786 (0.0130091046009),0.987026825242 (0.0142209172547),0.212994160434 (0.0647537675577),0.213603676838 (0.0654365918944),0.207273226337 (0.0545268618852),0.194737274911 (0.0402284372172),0.158811822022 (0.010623940645),0.138721440551 (0.0072318744034),0.127731519936 (0.00465394582988),0.139755058289 (0.000830808672611),0.275739192963 (0.00532646001064)
0.663365534447 (0.0536232864207),0.93316 (0.00160518603975),"ExtraTreesClassifier(bootstrap=True, class_weight=None, criterion='gini',
           max_depth=1, max_features='sqrt', max_leaf_nodes=None,
           min_samples_leaf=1, min_samples_split=2,
           min_weight_fraction_leaf=0.0, n_estimators=25, n_jobs=7,
           oob_score=False, random_state=None, verbose=0, warm_start=False)",0.153514817122 (0.0599826064597),0.136421150473 (0.0465442661371),0.107108857405 (0.0214129256997),0.106181477616 (0.020121997043),0.0909026536056 (0.00811949568823),0.0713001134114 (0.00584907855749),0.0675640874806 (0.001252995106),0.300542800013 (0.249854651978),0.40934759106 (0.20124257058),0.619335475906 (0.200559656409),0.630601848188 (0.192821745399),0.796267461861 (0.081005447928),0.96116527139 (0.0477984820169),0.995581668918 (0.0083608194779),0.167972073119 (0.0378619770121),0.193737949087 (0.0506343877342),0.17821436771 (0.0279734670986),0.178047616643 (0.0274583801089),0.162919603172 (0.0133053176265),0.132610174508 (0.00965793016161),0.126536727274 (0.00217943432114),0.140372037888 (0.00048569374585),0.275814390182 (0.00291000029689)
0.684811408231 (0.0460131283544),0.93316 (0.00160518603975),"ExtraTreesClassifier(bootstrap=True, class_weight=None, criterion='entropy',
           max_depth=1, max_features='log2', max_leaf_nodes=None,
           min_samples_leaf=1, min_samples_split=2,
           min_weight_fraction_leaf=0.0, n_estimators=25, n_jobs=7,
           oob_score=False, random_state=None, verbose=0, warm_start=False)",0.231242774969 (0.0967778099427),0.140148475246 (0.051521460268),0.113611212628 (0.028378294857),0.104145244314 (0.0262709005187),0.089852856095 (0.00786003438558),0.0761687323637 (0.00516844024339),0.0700508131371 (0.00414693977913),0.250924358227 (0.0846296027886),0.460036487478 (0.240016645975),0.579815748712 (0.214419125708),0.717367220209 (0.207321603068),0.832638552431 (0.093489767135),0.951645998451 (0.0299501034768),0.986263259858 (0.0145310420729),0.223104008678 (0.0647056933529),0.198469030523 (0.0506385230544),0.183767544414 (0.0356413446792),0.177120076191 (0.0351553036575),0.161764322121 (0.0120132524702),0.14097257265 (0.00874377066738),0.130766982881 (0.00708943258607),0.139595174789 (0.000980856475401),0.277936410904 (0.00648962258004)
0.669624120566 (0.0322345420359),0.93316 (0.00160518603975),"ExtraTreesClassifier(bootstrap=True, class_weight=None, criterion='entropy',
           max_depth=1, max_features='sqrt', max_leaf_nodes=None,
           min_samples_leaf=1, min_samples_split=2,
           min_weight_fraction_leaf=0.0, n_estimators=25, n_jobs=7,
           oob_score=False, random_state=None, verbose=0, warm_start=False)",0.201484449118 (0.110713013604),0.13774898382 (0.0475512322101),0.121301416489 (0.0184538814898),0.116031278769 (0.0181412014765),0.0894835870548 (0.0087666468164),0.0739899677912 (0.00455358719184),0.0702018240336 (0.00330381823571),0.32739373399 (0.12452070447),0.417859271895 (0.0759330584457),0.453753203408 (0.0617817546077),0.490465572503 (0.0714285482868),0.818126484831 (0.0639293082693),0.94882307585 (0.0362139237219),0.979049711508 (0.019156029129),0.221652228845 (0.0842911366643),0.203292155066 (0.0542695021428),0.191147258074 (0.0277662294467),0.187161006223 (0.0267134075249),0.160902079266 (0.0131377889682),0.137189538334 (0.00753397615888),0.130974429321 (0.00555952889069),0.13992857933 (0.000709406699717),0.278964185715 (0.00316905759596)
0.83497882654 (0.00566193343171),0.93472 (0.00178146007533),"DecisionTreeClassifier(class_weight=None, criterion='entropy', max_depth=10,
            max_features='log2', max_leaf_nodes=None, min_samples_leaf=1,
            min_samples_split=50, min_weight_fraction_leaf=0.0,
            presort=False, random_state=None, splitter='best')",0.442344274849 (0.0202483912315),0.342134183249 (0.0108731105991),0.218957335094 (0.00623255146058),0.196598868719 (0.00940384038515),0.117051219976 (0.00237687139358),0.0822351326104 (0.0019480518694),0.0747628679419 (0.00112147776521),0.350006769784 (0.010261200692),0.519405595089 (0.00960506869274),0.715082903326 (0.0151321512703),0.757373710127 (0.00625301788977),0.901894864547 (0.0115951003044),0.958180823738 (0.00597759524733),0.968762072201 (0.00682837363916),0.390397105996 (0.00780164364815),0.412452526616 (0.0097117671019),0.335133472021 (0.0063484834856),0.312062952889 (0.0121720971995),0.207191881716 (0.00355603564805),0.151463865943 (0.00330475537607),0.138810416909 (0.00193159439742),0.0036937713623 (0.000253970444756),0.291029167175 (0.0157231003248)
0.649235919878 (0.0404611837916),0.93316 (0.00160518603975),"ExtraTreesClassifier(bootstrap=False, class_weight=None, criterion='gini',
           max_depth=1, max_features='log2', max_leaf_nodes=None,
           min_samples_leaf=1, min_samples_split=2,
           min_weight_fraction_leaf=0.0, n_estimators=25, n_jobs=7,
           oob_score=False, random_state=None, verbose=0, warm_start=False)",0.18758139206 (0.103702941179),0.128083682345 (0.0297147892487),0.11074172634 (0.0211240021712),0.0999946927729 (0.00542666724702),0.0809220677663 (0.0128656327476),0.0743116989249 (0.00699014737705),0.0669583055384 (0.00171234751944),0.351228390588 (0.142850250901),0.4311609717 (0.121723057636),0.539101680536 (0.0844855492892),0.589852285863 (0.133128439928),0.891433049358 (0.0895929706259),0.939530993681 (0.0504606926253),0.998825831703 (0.00234833659491),0.209768210362 (0.0626356681303),0.190532620095 (0.0313591166595),0.182158738545 (0.0281517679768),0.169635156195 (0.00689184472307),0.147632132499 (0.0204853023615),0.13752940491 (0.0115298524582),0.125497915445 (0.00299922737697),0.139779424667 (0.00086482006815),0.295330762863 (0.00282935186249)
0.65112390849 (0.0261423238539),0.93316 (0.00160518603975),"ExtraTreesClassifier(bootstrap=False, class_weight=None, criterion='entropy',
           max_depth=1, max_features='sqrt', max_leaf_nodes=None,
           min_samples_leaf=1, min_samples_split=2,
           min_weight_fraction_leaf=0.0, n_estimators=25, n_jobs=7,
           oob_score=False, random_state=None, verbose=0, warm_start=False)",0.194901093108 (0.086685297537),0.134205807102 (0.0177928730002),0.112196046498 (0.0111334431253),0.0993733514126 (0.0152157124007),0.0863666239349 (0.00458879901572),0.0729934325194 (0.00436558598923),0.0704977012283 (0.00361228600831),0.252588878464 (0.0775451157854),0.357872374794 (0.102046115785),0.474881341744 (0.0963903013379),0.654067052713 (0.154055607996),0.801554706069 (0.0904689420803),0.957043559095 (0.0217414267453),0.976891153835 (0.0176877837226),0.203945545444 (0.0554401606883),0.190790605854 (0.018219671715),0.179534849336 (0.0140211187664),0.170159155523 (0.0190912688699),0.155641783018 (0.00685282395747),0.135584296917 (0.00736794542257),0.131467075105 (0.00612282855643),0.140114164352 (0.0013387487541),0.295894241333 (0.0047187734503)
0.687279820854 (0.06824959297),0.93316 (0.00160518603975),"ExtraTreesClassifier(bootstrap=False, class_weight=None, criterion='entropy',
           max_depth=1, max_features='log2', max_leaf_nodes=None,
           min_samples_leaf=1, min_samples_split=2,
           min_weight_fraction_leaf=0.0, n_estimators=25, n_jobs=7,
           oob_score=False, random_state=None, verbose=0, warm_start=False)",0.218483782991 (0.12131639524),0.180179385597 (0.0746208778175),0.135770788128 (0.0458591478044),0.123500973337 (0.0389025098987),0.0876512069053 (0.0036767822131),0.0767731273213 (0.00527372881906),0.0702630545571 (0.0029003642758),0.310944292052 (0.0302158807163),0.371240982987 (0.0754152921371),0.568316767309 (0.204934610615),0.673444288165 (0.139801897328),0.813096595821 (0.0897611057165),0.941100088661 (0.0423306650975),0.979638752908 (0.0167290860253),0.236571396444 (0.0801287739498),0.239317587929 (0.0828201519725),0.213225895688 (0.065711064928),0.204574589011 (0.0546542179912),0.157996731707 (0.00548099314523),0.141871829538 (0.00885199455899),0.131097383167 (0.00493228355872),0.140166378021 (0.000882305203558),0.296492242813 (0.00608895872532)
0.652707471033 (0.0539916339936),0.93316 (0.00160518603975),"ExtraTreesClassifier(bootstrap=False, class_weight=None, criterion='gini',
           max_depth=1, max_features='sqrt', max_leaf_nodes=None,
           min_samples_leaf=1, min_samples_split=2,
           min_weight_fraction_leaf=0.0, n_estimators=25, n_jobs=7,
           oob_score=False, random_state=None, verbose=0, warm_start=False)",0.176828112034 (0.104050837154),0.140844310211 (0.0373121571377),0.098557278869 (0.0212678419086),0.0895129264295 (0.0128327557079),0.0795796327352 (0.0111738514249),0.0705764577281 (0.00568406271273),0.067503530184 (0.00215280249098),0.303810674946 (0.113214324941),0.372051217124 (0.149646559731),0.611963461358 (0.233535600189),0.710707893464 (0.193667685722),0.845031159756 (0.10528838208),0.971701911231 (0.0345146609543),0.995354462003 (0.00788648686303),0.20757209276 (0.0863421555352),0.200699288052 (0.0598063255424),0.1636506005 (0.026364323468),0.156421632821 (0.0175401156018),0.144849933258 (0.0178200405967),0.131482758026 (0.00953112134014),0.126421878052 (0.00373419736192),0.140623998642 (0.00095956979733),0.298207330704 (0.00525053165887)
0.83211881156 (0.00705837229528),0.93416 (0.000998087059218),"DecisionTreeClassifier(class_weight=None, criterion='gini', max_depth=10,
            max_features='log2', max_leaf_nodes=None, min_samples_leaf=1,
            min_samples_split=10, min_weight_fraction_leaf=0.0,
            presort=False, random_state=None, splitter='best')",0.442196398424 (0.0181199396727),0.338906546562 (0.00987700509992),0.222242693326 (0.00759353278229),0.193423180917 (0.00638980618661),0.114026806477 (0.00422893830594),0.0799950695233 (0.0033857726255),0.0716430435013 (0.00215470109317),0.342649807838 (0.0211644627818),0.514218052885 (0.00903536655127),0.70020727115 (0.0214796907015),0.752457048627 (0.0173615604758),0.900339334611 (0.0138532865709),0.9616329986 (0.0114056854393),0.975472306982 (0.00533775956537),0.385974880294 (0.0193197792027),0.408509785486 (0.00945092546067),0.337211295317 (0.0079333244306),0.307625422299 (0.00758555286744),0.202375504043 (0.00657532540086),0.147674647988 (0.00568793173089),0.133473897679 (0.00372883251436),0.00583577156067 (0.00316050531409),0.321879243851 (0.0245406895956)
0.781802974913 (0.00499612825623),0.929766666667 (0.000821380951001),"DecisionTreeClassifier(class_weight=None, criterion='gini', max_depth=20,
            max_features='log2', max_leaf_nodes=None, min_samples_leaf=1,
            min_samples_split=50, min_weight_fraction_leaf=0.0,
            presort=False, random_state=None, splitter='best')",0.399743596548 (0.0132183976217),0.315491879485 (0.00836832488426),0.216403130169 (0.00601237001583),0.18685591174 (0.00549367164479),0.109406480345 (0.00309993951194),0.06684 (0.00160518603975),0.06684 (0.00160518603975),0.300663734205 (0.0048979704106),0.476015465821 (0.00907620666292),0.649952044439 (0.00667931135425),0.705216906438 (0.00817433338349),0.821493489609 (0.00687515253987),1.0 (0.0),1.0 (0.0),0.343146992108 (0.00753819556019),0.379439397303 (0.00827184995249),0.324666319447 (0.00732510527802),0.295401793402 (0.00725560365847),0.193085377159 (0.00496321735629),0.125300392819 (0.00282143439235),0.125300392819 (0.00282143439235),0.00605416297913 (0.000163243722958),0.327086210251 (0.0179976724911)
0.835786933368 (0.00329410397685),0.934113333333 (0.00160369018898),"DecisionTreeClassifier(class_weight=None, criterion='gini', max_depth=10,
            max_features='log2', max_leaf_nodes=None, min_samples_leaf=1,
            min_samples_split=20, min_weight_fraction_leaf=0.0,
            presort=False, random_state=None, splitter='best')",0.446474789282 (0.0209693435744),0.343136484914 (0.00862532271183),0.219683022166 (0.00790846226223),0.193356499174 (0.00594369056842),0.112991895785 (0.00295493199005),0.0824317619311 (0.00286817507366),0.0708773214719 (0.00264060867712),0.336974388773 (0.00992901283355),0.517252012182 (0.0073127886325),0.703675500538 (0.0111934712192),0.759278985262 (0.0111310102057),0.906652493198 (0.00900919238663),0.964147358028 (0.00376185778385),0.980283010495 (0.00419831417526),0.384023039234 (0.0139530513959),0.412509141874 (0.00710936526511),0.334747848205 (0.00930338945822),0.308153121242 (0.00737715105028),0.2009229568 (0.00462028854241),0.151862314077 (0.0048265728088),0.132183094718 (0.00457283136468),0.00447273254395 (0.000430910671941),0.328416919708 (0.0401539326268)
0.832281884995 (0.00389146084293),0.93388 (0.00103507380306),"DecisionTreeClassifier(class_weight=None, criterion='gini', max_depth=10,
            max_features='sqrt', max_leaf_nodes=None, min_samples_leaf=1,
            min_samples_split=10, min_weight_fraction_leaf=0.0,
            presort=False, random_state=None, splitter='best')",0.438756322676 (0.00867026870077),0.336374096759 (0.0118073179164),0.222944691217 (0.00678361088513),0.191499557707 (0.00408965767456),0.116871306132 (0.00291120514284),0.0839257708252 (0.00228726086165),0.0722025338922 (0.0045331217331),0.346822865301 (0.0154003173457),0.512034985084 (0.00481713727139),0.697691593236 (0.0207417745675),0.756433375724 (0.00955669999895),0.896306154881 (0.00862247242041),0.955618451236 (0.00520391743681),0.972331470392 (0.0040276442372),0.387277925468 (0.0117708079451),0.405880493106 (0.00862151129517),0.337704754664 (0.00595623536925),0.305572908405 (0.00449695921326),0.206759552877 (0.00443290463858),0.154292587923 (0.00388733799686),0.13438592378 (0.00785576332395),0.00468330383301 (0.00107406009595),0.3324198246 (0.0144007491452)
0.834993467108 (0.00417836271448),0.9345 (0.00103387082795),"DecisionTreeClassifier(class_weight=None, criterion='gini', max_depth=10,
            max_features='sqrt', max_leaf_nodes=None, min_samples_leaf=1,
            min_samples_split=20, min_weight_fraction_leaf=0.0,
            presort=False, random_state=None, splitter='best')",0.434727404308 (0.00808710968427),0.337570689868 (0.00529089201505),0.225996717962 (0.00622498713591),0.193961016704 (0.00791191485432),0.116568349344 (0.00292545233258),0.0805105700224 (0.00250492771351),0.0747808506262 (0.00206793891949),0.338268160592 (0.013115715038),0.515332348611 (0.0120321822999),0.693111930585 (0.0121717165304),0.757004586221 (0.0135786754623),0.902465082768 (0.00532802117834),0.963887593262 (0.00646652746333),0.973765907746 (0.00677060573891),0.380390907238 (0.0104987628945),0.407900111874 (0.00705572202691),0.340740062566 (0.00608573149975),0.308647499033 (0.00937374684095),0.2064496843 (0.00447317256731),0.148593779401 (0.00419088827569),0.138885665562 (0.00352629529497),0.0046977519989 (0.000790382702746),0.333196210861 (0.0214629513855)
0.840829899796 (0.00517371056002),0.934733333333 (0.00117208266678),"DecisionTreeClassifier(class_weight=None, criterion='gini', max_depth=10,
            max_features='log2', max_leaf_nodes=None, min_samples_leaf=1,
            min_samples_split=50, min_weight_fraction_leaf=0.0,
            presort=False, random_state=None, splitter='best')",0.439418894139 (0.0115972144985),0.336892162882 (0.00895647984382),0.226080719347 (0.00797251301099),0.193444986054 (0.00872049142304),0.114739653495 (0.00334969169267),0.0786531636797 (0.0077662000382),0.072066235815 (0.00472458685108),0.33957901233 (0.0101718406636),0.511114088908 (0.0125676856888),0.703161574154 (0.011832280561),0.769146155212 (0.0138195872657),0.914506647269 (0.0121630335325),0.973602210445 (0.0108800928065),0.985098307111 (0.00594073715113),0.383024750632 (0.00946165596919),0.405977235412 (0.00767325644189),0.342029981234 (0.00878521648156),0.308977214799 (0.0107142299851),0.203870401312 (0.00516834482538),0.145430379957 (0.0133070183883),0.134263779128 (0.0081733843972),0.00449895858765 (0.000547780100582),0.341215610504 (0.0266313313059)
0.84071813126 (0.0038834340398),0.934766666667 (0.00132211951048),"DecisionTreeClassifier(class_weight=None, criterion='gini', max_depth=10,
            max_features='sqrt', max_leaf_nodes=None, min_samples_leaf=1,
            min_samples_split=50, min_weight_fraction_leaf=0.0,
            presort=False, random_state=None, splitter='best')",0.442735095882 (0.0199873745981),0.335653913056 (0.0110803877125),0.223611142643 (0.00619767961746),0.198018020078 (0.00406088948164),0.11696100459 (0.00394042276033),0.0834337108905 (0.00105027637565),0.0735229836013 (0.00354760894928),0.339546886999 (0.0060085555461),0.522054900036 (0.00587366353153),0.705503691605 (0.01557596673),0.760212124186 (0.00706396066973),0.910272828931 (0.00942934357662),0.964705748428 (0.00484610932756),0.980567007195 (0.00322374879061),0.384210914657 (0.0104652682262),0.408435580997 (0.00741177942774),0.33945479294 (0.00602060287324),0.314166962635 (0.00507608423712),0.207258358512 (0.00612491794288),0.153583829836 (0.00184015387257),0.13676774911 (0.0061384905255),0.00463418960571 (0.000643351839297),0.343038034439 (0.0177061058561)
0.829900294837 (0.00659582390861),0.93316 (0.00160518603975),"RandomForestClassifier(bootstrap=True, class_weight=None, criterion='gini',
            max_depth=1, max_features='sqrt', max_leaf_nodes=None,
            min_samples_leaf=1, min_samples_split=50,
            min_weight_fraction_leaf=0.0, n_estimators=25, n_jobs=7,
            oob_score=False, random_state=None, verbose=0,
            warm_start=False)",0.459731659847 (0.0139630518316),0.319671083704 (0.0297343424151),0.216539633062 (0.00895186626133),0.197341853429 (0.00708158711022),0.0948038175952 (0.00239995147112),0.0759052287864 (0.00804219637054),0.06684 (0.00160518603975),0.347760512493 (0.00697455255155),0.555469406931 (0.0250333922968),0.69133524409 (0.00983989989213),0.756366683201 (0.0115084284659),0.935883857049 (0.0115378522212),0.975490078822 (0.0204567856218),1.0 (0.0),0.395901389064 (0.00815383058195),0.404100726245 (0.0185484824932),0.329696655521 (0.0110038490467),0.312915022183 (0.00858327597615),0.172151808343 (0.00388872808761),0.14070073012 (0.0136883854599),0.125300392819 (0.00282143439235),0.139508581161 (0.00132202213016),0.343587112427 (0.0671273546916)
0.831190245415 (0.00586949714401),0.93316 (0.00160518603975),"RandomForestClassifier(bootstrap=True, class_weight=None, criterion='gini',
            max_depth=1, max_features='log2', max_leaf_nodes=None,
            min_samples_leaf=1, min_samples_split=50,
            min_weight_fraction_leaf=0.0, n_estimators=25, n_jobs=7,
            oob_score=False, random_state=None, verbose=0,
            warm_start=False)",0.454156078722 (0.00882881905509),0.323997631563 (0.0208129943006),0.215275089125 (0.0155453981769),0.18735989111 (0.0209583818713),0.0974136830702 (0.00500825173397),0.0732190284641 (0.00920280518534),0.06684 (0.00160518603975),0.355009251865 (0.0144329376742),0.549742344498 (0.0210586151556),0.716922263084 (0.0191214852578),0.763921381535 (0.0233574245955),0.927800411887 (0.0189575074275),0.985192875386 (0.0184147739089),1.0 (0.0),0.39827824532 (0.00911863749335),0.406748991433 (0.0120521982129),0.330580179283 (0.0164542694341),0.299967588335 (0.0266250149122),0.176238031016 (0.00787765574682),0.136124565379 (0.0156991626319),0.125300392819 (0.00282143439235),0.140433597565 (4.74673129046e-05),0.344762420654 (0.0535205398723)
0.832346154761 (0.00715429171288),0.93316 (0.00160518603975),"RandomForestClassifier(bootstrap=True, class_weight=None, criterion='gini',
            max_depth=1, max_features='sqrt', max_leaf_nodes=None,
            min_samples_leaf=1, min_samples_split=20,
            min_weight_fraction_leaf=0.0, n_estimators=25, n_jobs=7,
            oob_score=False, random_state=None, verbose=0,
            warm_start=False)",0.446973140794 (0.0139049576807),0.345615355655 (0.0106287737978),0.207315133108 (0.00829538594225),0.197948645024 (0.0066509665891),0.0983409088186 (0.00481646860654),0.06684 (0.00160518603975),0.06684 (0.00160518603975),0.347535915793 (0.00961835548905),0.526238510557 (0.0112773073014),0.736237478596 (0.0298529870833),0.767677250837 (0.0121269066044),0.924886184876 (0.0235224010468),1.0 (0.0),1.0 (0.0),0.390993636437 (0.0107567920771),0.417161457091 (0.0103320118644),0.323253825039 (0.00868310104247),0.314694597565 (0.00892321505742),0.177697469002 (0.00748396169649),0.125300392819 (0.00282143439235),0.125300392819 (0.00282143439235),0.140571832657 (0.000660361982936),0.351047182083 (0.0728358243824)
0.838238020058 (0.00487016398731),0.93316 (0.00160518603975),"RandomForestClassifier(bootstrap=True, class_weight=None, criterion='gini',
            max_depth=1, max_features='log2', max_leaf_nodes=None,
            min_samples_leaf=1, min_samples_split=20,
            min_weight_fraction_leaf=0.0, n_estimators=25, n_jobs=7,
            oob_score=False, random_state=None, verbose=0,
            warm_start=False)",0.453647484046 (0.019928293741),0.337383839504 (0.0137655148818),0.219040565142 (0.0147461672063),0.198997368269 (0.00775290357582),0.0968142351558 (0.00422078419342),0.0758665161781 (0.00681965923502),0.06684 (0.00160518603975),0.347337449241 (0.00978548973934),0.54406624395 (0.0114890406446),0.724608556128 (0.0263922539216),0.754316828859 (0.00759191584711),0.933953337798 (0.0210680081444),0.980955714724 (0.0156899889788),1.0 (0.0),0.393342995299 (0.0126730633829),0.41622038357 (0.0093788872522),0.335972143528 (0.0168414549076),0.31484764173 (0.00999860670188),0.175381362393 (0.00659799447638),0.140736851488 (0.0116280767262),0.125300392819 (0.00282143439235),0.139621782303 (0.00146410170464),0.364126205444 (0.0519348427878)
0.838777463074 (0.00407314796608),0.93316 (0.00160518603975),"RandomForestClassifier(bootstrap=True, class_weight=None, criterion='entropy',
            max_depth=1, max_features='sqrt', max_leaf_nodes=None,
            min_samples_leaf=1, min_samples_split=20,
            min_weight_fraction_leaf=0.0, n_estimators=25, n_jobs=7,
            oob_score=False, random_state=None, verbose=0,
            warm_start=False)",0.437254753649 (0.0166205936364),0.328776154334 (0.0144599346346),0.211185700708 (0.016433916477),0.182047694042 (0.0139622525338),0.0965672923681 (0.00800755567468),0.0704145749267 (0.00793304479121),0.06684 (0.00160518603975),0.338121735631 (0.00465840957052),0.544479842938 (0.017320520348),0.708343645949 (0.0228775419037),0.779652430154 (0.0402600875503),0.94430581084 (0.0145112840311),0.995205479452 (0.00958904109589),1.0 (0.0),0.381143963537 (0.00526908950431),0.409621796509 (0.0105083076658),0.324777037425 (0.0181451508948),0.294552388135 (0.0166146985801),0.175074816676 (0.0128557963456),0.131401957605 (0.0135878300169),0.125300392819 (0.00282143439235),0.139151382446 (0.001468206446),0.373307132721 (0.0522287854831)
0.820170948516 (0.00500921044187),0.93356 (0.00148942942095),"ExtraTreesClassifier(bootstrap=False, class_weight=None, criterion='gini',
           max_depth=5, max_features='sqrt', max_leaf_nodes=None,
           min_samples_leaf=1, min_samples_split=2,
           min_weight_fraction_leaf=0.0, n_estimators=25, n_jobs=7,
           oob_score=False, random_state=None, verbose=0, warm_start=False)",0.452361207319 (0.0126911756984),0.342150432985 (0.00828517533652),0.221338823842 (0.00628888986891),0.188949058862 (0.0047328752348),0.114162840788 (0.00201367148453),0.0847067694583 (0.00217021846131),0.0753372898034 (0.00259206682143),0.339007936885 (0.00376834514225),0.512224025218 (0.00759067677482),0.672387387013 (0.0119770976947),0.717892699652 (0.00554407712031),0.866151562089 (0.00923493052286),0.956877312327 (0.00674129270664),0.980924430982 (0.00320900936336),0.38751240352 (0.00635428064387),0.410201783839 (0.00705828525378),0.332925879222 (0.00611535768162),0.29912195129 (0.00585959497415),0.201728025192 (0.00317885275422),0.155628976519 (0.00368912477258),0.139917589651 (0.00447836461996),0.141054916382 (0.000981911400872),0.391420269012 (0.00519410495401)
0.820305150828 (0.00455211293957),0.933546666667 (0.00152746703911),"ExtraTreesClassifier(bootstrap=False, class_weight=None, criterion='entropy',
           max_depth=5, max_features='log2', max_leaf_nodes=None,
           min_samples_leaf=1, min_samples_split=2,
           min_weight_fraction_leaf=0.0, n_estimators=25, n_jobs=7,
           oob_score=False, random_state=None, verbose=0, warm_start=False)",0.455707646301 (0.0143299732587),0.342334609784 (0.00857719401363),0.223772747634 (0.00494952512524),0.190741574481 (0.00553830696576),0.114835772073 (0.00317076854308),0.083783784229 (0.00191675969216),0.0765494654384 (0.00194617831738),0.341193881498 (0.0059489396562),0.513200470227 (0.00753362095809),0.675660433003 (0.00351642307323),0.715984506562 (0.00450226585515),0.861626614766 (0.00928654234009),0.958364349211 (0.00555099981565),0.97812519177 (0.00201741165536),0.390168164834 (0.0083817310766),0.410653709221 (0.00754663081872),0.336163002751 (0.00550652257691),0.301199822722 (0.00715769551602),0.202648521693 (0.00505924367614),0.15408995661 (0.00325218335953),0.141981278925 (0.00336328822256),0.140806531906 (0.000841766843987),0.394448041916 (0.00660152207534)
0.839101430728 (0.000608660201656),0.93316 (0.00160518603975),"RandomForestClassifier(bootstrap=True, class_weight=None, criterion='entropy',
            max_depth=1, max_features='log2', max_leaf_nodes=None,
            min_samples_leaf=1, min_samples_split=20,
            min_weight_fraction_leaf=0.0, n_estimators=25, n_jobs=7,
            oob_score=False, random_state=None, verbose=0,
            warm_start=False)",0.444043151925 (0.0158129204444),0.335858023557 (0.0115430808473),0.209609871641 (0.0183662938748),0.181612778273 (0.00944147357621),0.0903900036335 (0.00323387024397),0.0694253694669 (0.00561420923091),0.06684 (0.00160518603975),0.342343804961 (0.0116577643688),0.534669719272 (0.0118987731062),0.710097881704 (0.0457066454629),0.798122315084 (0.0297673739036),0.956865698826 (0.00563799594557),0.993855302279 (0.012289395441),1.0 (0.0),0.386528573453 (0.0120872304757),0.412399046932 (0.00959129502054),0.322410512778 (0.018326239384),0.295550796245 (0.0104039220478),0.165154899766 (0.00532871848115),0.129715837678 (0.0096229393803),0.125300392819 (0.00282143439235),0.140151166916 (0.000672883135963),0.399019432068 (0.00643391335891)
0.842207404583 (0.00369567508515),0.93316 (0.00160518603975),"RandomForestClassifier(bootstrap=True, class_weight=None, criterion='entropy',
            max_depth=1, max_features='log2', max_leaf_nodes=None,
            min_samples_leaf=1, min_samples_split=50,
            min_weight_fraction_leaf=0.0, n_estimators=25, n_jobs=7,
            oob_score=False, random_state=None, verbose=0,
            warm_start=False)",0.44539046197 (0.00929381705376),0.331847308913 (0.0161434463772),0.216889486054 (0.0138726782163),0.185413127012 (0.0111124324823),0.102859139886 (0.0134010716196),0.0723986596428 (0.00713647974484),0.0686659854977 (0.002845750594),0.345686624712 (0.00834055669005),0.549800450986 (0.012544976194),0.710799998755 (0.0248767237923),0.783833587663 (0.0287574430885),0.933945655838 (0.0262050421463),0.98841245308 (0.0141940145289),0.9961875322 (0.00762493560021),0.389228267434 (0.00822981028531),0.413540387147 (0.0125101127391),0.331929890537 (0.0152680052356),0.299580919778 (0.0135040787236),0.184897160104 (0.0210629233997),0.134806956264 (0.0122035951415),0.128457915728 (0.00490628828464),0.140531396866 (0.00038767607589),0.401310586929 (0.0128261191379)
0.837022456661 (0.00326185016958),0.93316 (0.00160518603975),"RandomForestClassifier(bootstrap=True, class_weight=None, criterion='entropy',
            max_depth=1, max_features='sqrt', max_leaf_nodes=None,
            min_samples_leaf=1, min_samples_split=50,
            min_weight_fraction_leaf=0.0, n_estimators=25, n_jobs=7,
            oob_score=False, random_state=None, verbose=0,
            warm_start=False)",0.4412912522 (0.0161580233112),0.328928132749 (0.00770955976008),0.209910398479 (0.0183437443319),0.186626883627 (0.0097378915333),0.09892652973 (0.0119355240958),0.0749201775244 (0.0064220114256),0.06684 (0.00160518603975),0.339835997356 (0.0130481414342),0.536047020857 (0.0213096508748),0.710899582037 (0.0348142745756),0.772074393913 (0.0280769536066),0.931148084447 (0.0234808807341),0.983328849266 (0.0141337185097),1.0 (0.0),0.383869368093 (0.0129323078272),0.407635819332 (0.011579721347),0.323174474648 (0.0195290338626),0.300292007661 (0.0115410004485),0.178536026427 (0.0189031709674),0.139143045935 (0.0109679270343),0.125300392819 (0.00282143439235),0.140517568588 (0.000184163782784),0.404196596146 (0.00457514941818)
0.761685084255 (0.00539286045873),0.928733333333 (0.00153231850475),"DecisionTreeClassifier(class_weight=None, criterion='entropy', max_depth=50,
            max_features='log2', max_leaf_nodes=None, min_samples_leaf=1,
            min_samples_split=50, min_weight_fraction_leaf=0.0,
            presort=False, random_state=None, splitter='best')",0.390007189427 (0.0120398097656),0.30158211467 (0.0099047314013),0.20490938005 (0.00584248227403),0.176921331074 (0.0052470526725),0.06684 (0.00160518603975),0.06684 (0.00160518603975),0.06684 (0.00160518603975),0.294998014307 (0.00557021276235),0.453560484848 (0.00611501996595),0.617899372945 (0.0102905080891),0.665525653298 (0.00929994222086),1.0 (0.0),1.0 (0.0),1.0 (0.0),0.335870691947 (0.00743761242601),0.362227868283 (0.00875987883082),0.307725742102 (0.00735607546712),0.279504773735 (0.00705120975997),0.125300392819 (0.00282143439235),0.125300392819 (0.00282143439235),0.125300392819 (0.00282143439235),0.00620226860046 (0.000523882855002),0.416703033447 (0.0422061557184)
0.830178842891 (0.00674169528371),0.934573333333 (0.00116798021292),"DecisionTreeClassifier(class_weight=None, criterion='entropy', max_depth=10,
            max_features='sqrt', max_leaf_nodes=None, min_samples_leaf=1,
            min_samples_split=20, min_weight_fraction_leaf=0.0,
            presort=False, random_state=None, splitter='best')",0.443963600518 (0.0102002327884),0.342435619723 (0.0120877551147),0.219401659528 (0.00915863799965),0.196304676996 (0.00620120796092),0.117289266541 (0.00270696321597),0.0819160798073 (0.0026453931796),0.072660565751 (0.0031743945194),0.340266308069 (0.00811178414599),0.517019788569 (0.0117862782776),0.699181445499 (0.0185338442295),0.747312346846 (0.00892094760187),0.897942474566 (0.00786269418338),0.952336592705 (0.00824917034286),0.965254020734 (0.00515920106811),0.385156522316 (0.00653596497408),0.411933295972 (0.0116727436962),0.333762587866 (0.00940380056218),0.310855811831 (0.00747215799302),0.207469166453 (0.00434005849593),0.150842809232 (0.00446734972647),0.135131033421 (0.00548704893436),0.00686812400818 (0.00340285025615),0.445408201218 (0.0309876529501)
0.839041372269 (0.00535456202644),0.93316 (0.00160518603975),"RandomForestClassifier(bootstrap=True, class_weight=None, criterion='gini',
            max_depth=1, max_features='log2', max_leaf_nodes=None,
            min_samples_leaf=1, min_samples_split=20,
            min_weight_fraction_leaf=0.0, n_estimators=50, n_jobs=7,
            oob_score=False, random_state=None, verbose=0,
            warm_start=False)",0.453371663608 (0.0202767842527),0.343815738976 (0.0127038061444),0.226444633682 (0.0115075181735),0.197396638427 (0.00682130296911),0.102306509204 (0.0105144842957),0.0816691053429 (0.00209921593634),0.0684177495866 (0.00433863560806),0.342823966108 (0.00806232733998),0.527304171176 (0.00495332149273),0.688039538 (0.018494814331),0.756973580485 (0.0101944021408),0.929091724114 (0.0197739124815),0.967489100584 (0.00423618524328),0.996222760291 (0.00755447941889),0.390353131108 (0.0123787433096),0.416084066273 (0.0093966632468),0.340661552902 (0.0147699192194),0.313048296386 (0.00831563601789),0.184065634223 (0.0164814588489),0.150616744396 (0.00358464160677),0.128003269592 (0.0074903536516),0.153327322006 (0.00156610165496),0.514938402176 (0.0101216221636)
0.840154126458 (0.00454480717242),0.93316 (0.00160518603975),"RandomForestClassifier(bootstrap=True, class_weight=None, criterion='gini',
            max_depth=1, max_features='log2', max_leaf_nodes=None,
            min_samples_leaf=1, min_samples_split=50,
            min_weight_fraction_leaf=0.0, n_estimators=50, n_jobs=7,
            oob_score=False, random_state=None, verbose=0,
            warm_start=False)",0.455962636607 (0.0285748932858),0.343490351228 (0.00883181358977),0.22891241702 (0.00531317497957),0.199013277004 (0.00473963153298),0.099945723522 (0.0103922044663),0.0795013309824 (0.00659268316281),0.0686661866089 (0.00481631078995),0.344509431514 (0.0157643451846),0.530098793727 (0.0107897539713),0.703388396527 (0.0144125168018),0.756417146571 (0.0082387421188),0.933526480108 (0.0210526832525),0.975208248111 (0.0128094556042),0.995254237288 (0.00949152542373),0.39236148669 (0.0199631809868),0.416754650493 (0.00730926871759),0.345344829295 (0.00611075113846),0.315100277201 (0.00641163461973),0.180307384632 (0.0162155422947),0.146926358751 (0.0112428124302),0.128419636574 (0.00828956704271),0.15382976532 (0.00193879259182),0.536651754379 (0.0464876849019)
0.641538673527 (0.00680327221975),0.932993333333 (0.00166471886182),"KNeighborsClassifier(algorithm='auto', leaf_size=120, metric='minkowski',
           metric_params=None, n_jobs=2, n_neighbors=1000, p=2,
           weights='distance')",0.156695536309 (0.00490296322264),0.136754415195 (0.00596309589024),0.1208131978 (0.0046288433409),0.11505132649 (0.00339680088611),0.0913005799613 (0.00238781066168),0.0776854362028 (0.00189660548041),0.0736833849653 (0.00193258527352),0.117320057648 (0.00340016010536),0.204649569069 (0.00702940271841),0.361577768368 (0.0115690187479),0.430416615585 (0.00936399410754),0.68301872858 (0.00657335541342),0.871732278326 (0.00356092979041),0.937014226155 (0.0025524936765),0.134159672529 (0.00369276224846),0.163928042515 (0.00629305049542),0.181092151046 (0.00639495441732),0.181551351823 (0.00477045585168),0.161060826767 (0.00379150828456),0.142651573633 (0.00320759114574),0.136617897848 (0.00334611181918),12.008452177 (0.0670967738254),0.735892534256 (0.0121845146968)
0.619401744024 (0.00480326496984),0.93316 (0.00160518603975),"KNeighborsClassifier(algorithm='auto', leaf_size=120, metric='minkowski',
           metric_params=None, n_jobs=2, n_neighbors=1000, p=2,
           weights='uniform')",0.129477251371 (0.007041194244),0.116350109673 (0.00323325151937),0.107668843355 (0.00259168924648),0.104979765895 (0.00268653380496),0.0877915241506 (0.00190549968199),0.0757258660086 (0.00182378899381),0.0723040771629 (0.00176650269312),0.10214166732 (0.00370744246436),0.181071070846 (0.00479531309918),0.333603724125 (0.00824052851528),0.397419457552 (0.00655391267346),0.668277991741 (0.0111127230781),0.863107149576 (0.00763838635809),0.928687480665 (0.00595087528072),0.114159639741 (0.00471355329698),0.141662391807 (0.00374794652415),0.162771395944 (0.00342041172766),0.166070817059 (0.00362587291623),0.155183205791 (0.0029918385953),0.139232647288 (0.00316790005171),0.134157306969 (0.00304728384301),11.9175450325 (0.198405981534),0.739014387131 (0.0190776695397)
0.650821714246 (0.00677618867354),0.933066666667 (0.00151891774337),"KNeighborsClassifier(algorithm='auto', leaf_size=120, metric='minkowski',
           metric_params=None, n_jobs=2, n_neighbors=100, p=2,
           weights='distance')",0.164956695536 (0.00761478057947),0.14521826058 (0.0046907469123),0.124645892351 (0.0045696747878),0.11707772297 (0.00493620544102),0.0927404839677 (0.00250685412791),0.0786187280565 (0.00174721655042),0.0740441551312 (0.00167227079783),0.123559346301 (0.00654310801404),0.217345214803 (0.00520521217231),0.372993485056 (0.00905802738599),0.437879747843 (0.0128736661833),0.693795911326 (0.00873862515763),0.882255944358 (0.00475931619944),0.94168708382 (0.00284379601046),0.141268356676 (0.00689545833656),0.174083304349 (0.00466665765308),0.18683029515 (0.0060444467469),0.184738632111 (0.00713104248289),0.163601070012 (0.00401796126105),0.144366023783 (0.0029323811958),0.137287710948 (0.0028635606496),3.40958380699 (0.104460990006),0.746559381485 (0.0208650622219)
0.63162206168 (0.00669461805522),0.93316 (0.00160518603975),"KNeighborsClassifier(algorithm='auto', leaf_size=60, metric='minkowski',
           metric_params=None, n_jobs=2, n_neighbors=500, p=2,
           weights='uniform')",0.13719745904 (0.00659288511694),0.128658331112 (0.00670043021752),0.114761433293 (0.00474102975582),0.108802222177 (0.00305499493619),0.088894566529 (0.00169487345883),0.0762693509071 (0.00182360720282),0.0728916358374 (0.00171628347384),0.117380909097 (0.00634279719472),0.203560950423 (0.0095866896848),0.359683684625 (0.011389305746),0.424680545889 (0.0156713218206),0.681021124357 (0.015769032238),0.8805625473 (0.0136629424662),0.943719837952 (0.00577436493957),0.126450236324 (0.00584095698647),0.157579460863 (0.00698774591482),0.173957206505 (0.00617575463743),0.173199851561 (0.00476692397726),0.157241404542 (0.0025019505394),0.14037076519 (0.003078368863),0.135327443794 (0.00300939928925),6.40806441307 (0.261796527104),0.7542927742 (0.0141568861613)
0.641538976924 (0.00680267735965),0.932993333333 (0.00166471886182),"KNeighborsClassifier(algorithm='auto', leaf_size=60, metric='minkowski',
           metric_params=None, n_jobs=2, n_neighbors=1000, p=2,
           weights='distance')",0.156695536309 (0.00490296322264),0.136754415195 (0.00596309589024),0.1208131978 (0.0046288433409),0.11505132649 (0.00339680088611),0.0913005799613 (0.00238781066168),0.0776854362028 (0.00189660548041),0.0736833849653 (0.00193258527352),0.117320057648 (0.00340016010536),0.204649569069 (0.00702940271841),0.361577768368 (0.0115690187479),0.430416615585 (0.00936399410754),0.68301872858 (0.00657335541342),0.871732278326 (0.00356092979041),0.937014226155 (0.0025524936765),0.134159672529 (0.00369276224846),0.163928042515 (0.00629305049542),0.181092151046 (0.00639495441732),0.181551351823 (0.00477045585168),0.161060826767 (0.00379150828456),0.142651573633 (0.00320759114574),0.136617897848 (0.00334611181918),11.2386640072 (0.135089446482),0.759489440918 (0.0168883464274)
0.650794978964 (0.00677754432711),0.933066666667 (0.00151891774337),"KNeighborsClassifier(algorithm='auto', leaf_size=60, metric='minkowski',
           metric_params=None, n_jobs=2, n_neighbors=100, p=2,
           weights='distance')",0.16508994004 (0.00783087821714),0.14521826058 (0.0046907469123),0.124645892351 (0.0045696747878),0.11707772297 (0.00493620544102),0.0927271515232 (0.00249818846846),0.0786187280565 (0.00174721655042),0.0740441551312 (0.00167227079783),0.123658454329 (0.00666990951526),0.217345214803 (0.00520521217231),0.372993485056 (0.00905802738599),0.437879747843 (0.0128736661833),0.693698063968 (0.00875241259926),0.882255944358 (0.00475931619944),0.94168708382 (0.00284379601046),0.141382025331 (0.00706060605996),0.174083304349 (0.00466665765308),0.18683029515 (0.0060444467469),0.184738632111 (0.00713104248289),0.16357760272 (0.00400333064304),0.144366023783 (0.0029323811958),0.137287710948 (0.0028635606496),2.6676712513 (0.141764161112),0.770713615417 (0.0486386832153)
0.647803230448 (0.00741690278052),0.933026666667 (0.00165829899462),"KNeighborsClassifier(algorithm='auto', leaf_size=120, metric='minkowski',
           metric_params=None, n_jobs=2, n_neighbors=500, p=2,
           weights='distance')",0.159093937375 (0.00751858013573),0.142152615795 (0.00705172626),0.123212797867 (0.00505177012405),0.116277829623 (0.00483360370879),0.0927004866342 (0.00222839356478),0.0782009688458 (0.00174780428322),0.0740833692796 (0.00194818162844),0.11907667745 (0.00455990061431),0.212682385362 (0.00772324761011),0.368741534919 (0.0125148550752),0.434904295272 (0.0129595578565),0.69355682999 (0.00929646123919),0.877561872626 (0.00398861545317),0.942100082666 (0.0027301414923),0.13618770233 (0.00554361318193),0.170384479272 (0.0073662436301),0.184686717519 (0.00700268171999),0.183477803844 (0.00699490811428),0.1635321995 (0.0035499671013),0.143598821093 (0.00293263062667),0.137359504585 (0.00337340644482),7.48431243896 (0.222450185597),0.787208986282 (0.0211966352986)
0.619401701866 (0.00480263567082),0.93316 (0.00160518603975),"KNeighborsClassifier(algorithm='auto', leaf_size=60, metric='minkowski',
           metric_params=None, n_jobs=2, n_neighbors=1000, p=2,
           weights='uniform')",0.129477251371 (0.007041194244),0.116342426475 (0.00322146200418),0.10767561947 (0.00258979888768),0.104979765895 (0.00268653380496),0.0878034182686 (0.00190000392058),0.0757177584451 (0.00181568078135),0.0723046265055 (0.00176588975977),0.10214166732 (0.00370744246436),0.181071070846 (0.00479531309918),0.333603724125 (0.00824052851528),0.397419457552 (0.00655391267346),0.668381031411 (0.0112893707335),0.863009302217 (0.00763582277025),0.928687480665 (0.00595087528072),0.114159639741 (0.00471355329698),0.14165677484 (0.00374042540186),0.162779228025 (0.00341990248287),0.166070817059 (0.00362587291623),0.155204549842 (0.0029856443617),0.139217665544 (0.00315331890044),0.134158255111 (0.00304620010724),11.8050640106 (0.459318098124),0.789098787308 (0.0183409160852)
0.647804476129 (0.00741593991581),0.933026666667 (0.00165829899462),"KNeighborsClassifier(algorithm='auto', leaf_size=60, metric='minkowski',
           metric_params=None, n_jobs=2, n_neighbors=500, p=2,
           weights='distance')",0.159093937375 (0.00751858013573),0.142152615795 (0.00705172626),0.123212797867 (0.00505177012405),0.116277829623 (0.00483360370879),0.0927004866342 (0.00222839356478),0.0782009688458 (0.00174780428322),0.0740833692796 (0.00194818162844),0.11907667745 (0.00455990061431),0.212682385362 (0.00772324761011),0.368741534919 (0.0125148550752),0.434904295272 (0.0129595578565),0.69355682999 (0.00929646123919),0.877561872626 (0.00398861545317),0.942100082666 (0.0027301414923),0.13618770233 (0.00554361318193),0.170384479272 (0.0073662436301),0.184686717519 (0.00700268171999),0.183477803844 (0.00699490811428),0.1635321995 (0.0035499671013),0.143598821093 (0.00293263062667),0.137359504585 (0.00337340644482),6.60496282578 (0.106712467605),0.789849042892 (0.0134151945163)
0.631621187739 (0.00669809257207),0.93316 (0.00160518603975),"KNeighborsClassifier(algorithm='auto', leaf_size=120, metric='minkowski',
           metric_params=None, n_jobs=2, n_neighbors=500, p=2,
           weights='uniform')",0.13729350099 (0.00676633078057),0.128658331112 (0.00670043021752),0.114757899063 (0.0047417368622),0.108799520915 (0.00305573594975),0.0888956017653 (0.0016920418019),0.0762687022537 (0.00182361137039),0.0728922122941 (0.00171701989216),0.117477761398 (0.00650350269536),0.203560950423 (0.0095866896848),0.359683684625 (0.011389305746),0.424680545889 (0.0156713218206),0.681021124357 (0.015769032238),0.8805625473 (0.0136629424662),0.943719837952 (0.00577436493957),0.126547309903 (0.00602723721063),0.157579460863 (0.00698774591482),0.173953032813 (0.00617510993539),0.173196353892 (0.00476652782966),0.157243082782 (0.00249847208031),0.140369664863 (0.00307833696666),0.13532843357 (0.00301065290559),7.49483771324 (0.0793794148376),0.792112207413 (0.0127234329243)
0.820662080607 (0.00454435724716),0.93316 (0.00160518603975),"AdaBoostClassifier(algorithm='SAMME', base_estimator=None, learning_rate=1.0,
          n_estimators=5, random_state=None)",0.416557820299 (0.0150688738585),0.318649384849 (0.0125171957642),0.173565235242 (0.00577421755652),0.173565235242 (0.00577421755652),0.06684 (0.00160518603975),0.06684 (0.00160518603975),0.06684 (0.00160518603975),0.346250353039 (0.00503300821008),0.548633539261 (0.0104808828127),0.760516570875 (0.00581381687484),0.760516570875 (0.00581381687484),1.0 (0.0),1.0 (0.0),1.0 (0.0),0.378058160691 (0.00778352854154),0.40292952788 (0.0096082104286),0.282584795712 (0.0077887335539),0.282584795712 (0.0077887335539),0.125300392819 (0.00282143439235),0.125300392819 (0.00282143439235),0.125300392819 (0.00282143439235),0.0167437553406 (0.00132500241565),0.820878601074 (0.0201813281376)
0.830236432945 (0.00232858039213),0.934386666667 (0.0012221292894),"AdaBoostClassifier(algorithm='SAMME.R', base_estimator=None,
          learning_rate=1.0, n_estimators=5, random_state=None)",0.437602558928 (0.010238317573),0.303187859871 (0.00356729002341),0.148719248133 (0.00318638719484),0.148719248133 (0.00318638719484),0.06684 (0.00160518603975),0.06684 (0.00160518603975),0.06684 (0.00160518603975),0.379328920799 (0.0118890825505),0.549988580765 (0.0103252371343),0.828452020547 (0.0148178341656),0.828452020547 (0.0148178341656),1.0 (0.0),1.0 (0.0),1.0 (0.0),0.406356709661 (0.0108293682803),0.390874679894 (0.00510549470015),0.252121463588 (0.00395530519284),0.252121463588 (0.00395530519284),0.125300392819 (0.00282143439235),0.125300392819 (0.00282143439235),0.125300392819 (0.00282143439235),0.0302392482758 (0.00612208527463),0.905645036697 (0.0135561805116)
0.836700199408 (0.0034812099087),0.934866666667 (0.00104668789787),"AdaBoostClassifier(algorithm='SAMME', base_estimator=None, learning_rate=1.0,
          n_estimators=10, random_state=None)",0.43215510458 (0.0182944514978),0.334853234488 (0.0151150111929),0.196429651529 (0.00893993947685),0.185551369947 (0.00708315176651),0.0893635203366 (0.00437472124137),0.0704573287328 (0.0065936845452),0.0668457111921 (0.00160183871482),0.337574586938 (0.00465680406042),0.526183592348 (0.0118677212316),0.732918393172 (0.00798905431736),0.744298870136 (0.0123213711366),0.96021027986 (0.00498393660609),0.993360572012 (0.0132788559755),1.0 (0.0),0.378843265761 (0.00691835681037),0.408880534997 (0.00930267294242),0.309706917862 (0.0111076092836),0.296935200332 (0.00854738748962),0.163473735925 (0.00726853643845),0.131488282614 (0.0112576248931),0.125310446436 (0.00281553831745),0.0287425994873 (0.00211722050284),1.60232224464 (0.0400989802505)
0.84878859944 (0.00403751878583),0.93478 (0.00118050836507),"AdaBoostClassifier(algorithm='SAMME.R', base_estimator=None,
          learning_rate=1.0, n_estimators=10, random_state=None)",0.459386480632 (0.0137735297277),0.342943442388 (0.0116086885011),0.211763594794 (0.0189577224351),0.194471472575 (0.00742664720469),0.113011658629 (0.00466116136293),0.0833740637901 (0.00274804789109),0.0722201496037 (0.00338624355995),0.350583869312 (0.00524452699868),0.521376503691 (0.0134406352966),0.72442086189 (0.00929034416751),0.751034326156 (0.016066674456),0.933936279993 (0.00511673069108),0.97722780693 (0.00591331095662),0.995638109683 (0.0036984137684),0.39762461966 (0.00779120472335),0.413674023321 (0.0116887535538),0.327154730629 (0.0218158902441),0.308820221958 (0.0090501993397),0.201586431758 (0.00730245350593),0.153624193634 (0.00461186499148),0.134650116914 (0.00585444787027),0.0538588047028 (0.00751592194544),1.76431217194 (0.034874547182)
0.848240504671 (0.0032912654541),0.9352 (0.00122510770502),"AdaBoostClassifier(algorithm='SAMME', base_estimator=None, learning_rate=1.0,
          n_estimators=25, random_state=None)",0.444142664993 (0.0116826937132),0.339237862541 (0.0111935347226),0.22093266189 (0.00794920300984),0.193670030241 (0.00738822118479),0.121258903165 (0.00263850102295),0.0842486463592 (0.00275563037241),0.0757328436616 (0.00173065944074),0.333032380008 (0.00271032672653),0.526947853166 (0.00382592682698),0.692574944737 (0.00953444524395),0.739815165441 (0.00741590889043),0.92540837913 (0.005255509837),0.977083507979 (0.00406960858607),0.991538728288 (0.000821182668827),0.380587021592 (0.00514601443521),0.412644399717 (0.00847797912345),0.334947430354 (0.00993506235213),0.306915078602 (0.00955404845669),0.214410217994 (0.00411745154898),0.155108789658 (0.00466217277173),0.14071268719 (0.00298481854598),0.0646356582642 (0.00529425888122),4.13675866127 (0.0884369493242)
0.855925170649 (0.00365470339123),0.9351 (0.00129529061518),"AdaBoostClassifier(algorithm='SAMME.R', base_estimator=None,
          learning_rate=1.0, n_estimators=25, random_state=None)",0.466494653117 (0.0141087095109),0.354856073061 (0.0105297112745),0.233858199315 (0.00618591193443),0.20390878242 (0.00622631578272),0.122981411134 (0.0026161360503),0.0867322631671 (0.00181636616516),0.0776674668046 (0.00170562594335),0.350474742705 (0.00521924674017),0.532456135781 (0.0108682039206),0.711634052054 (0.00439881362727),0.768261943673 (0.0078081656636),0.923534316468 (0.00307837475727),0.977601805893 (0.00525492488109),0.99026606482 (0.00206770535779),0.400184572025 (0.00768531890567),0.425816962225 (0.00994886263194),0.351984547345 (0.0070535055297),0.322236971829 (0.00809435317227),0.217046895141 (0.00404682125101),0.159322926162 (0.00305585301758),0.144032473308 (0.00291671151185),0.134726381302 (0.00852491059149),4.54781179428 (0.0856552790046)
0.850595620616 (0.00315476204664),0.9357 (0.00124239911283),"AdaBoostClassifier(algorithm='SAMME', base_estimator=None, learning_rate=1.0,
          n_estimators=50, random_state=None)",0.444567221018 (0.0113918117039),0.348884475773 (0.00995761916893),0.228773218392 (0.00578564895826),0.196179950563 (0.00545100629832),0.12266815306 (0.00274419513509),0.0866156037363 (0.00223469311429),0.0772125175533 (0.00153182829085),0.333228288492 (0.00325544194012),0.522923655427 (0.00672879971144),0.693876250261 (0.00815018983969),0.738796613232 (0.0063118694352),0.924930442343 (0.00490610928756),0.976564944897 (0.00313819099241),0.989837914568 (0.00125093571204),0.380877269378 (0.00540356345947),0.418471748294 (0.00850941998971),0.344069764471 (0.00718921339517),0.310010128123 (0.00728025168715),0.216598149233 (0.00431425040585),0.15911037952 (0.00377465411814),0.143246723414 (0.00263074271279),0.115708732605 (0.00886076668648),7.82366962433 (0.452663090497)
0.859086595809 (0.00282578915438),0.935706666667 (0.00139799856938),"AdaBoostClassifier(algorithm='SAMME.R', base_estimator=None,
          learning_rate=1.0, n_estimators=50, random_state=None)",0.474822200202 (0.0131498112234),0.358334663318 (0.0115820650742),0.238495197367 (0.00641877965834),0.205901465332 (0.00561365112569),0.123447173823 (0.00295785684131),0.0871650633248 (0.00190452051224),0.0777658323996 (0.00178897336495),0.355482687359 (0.00523659286887),0.536480405783 (0.0105843966455),0.713819811266 (0.00635636684432),0.770353533969 (0.00580678444864),0.923999005257 (0.00259005684545),0.978311719447 (0.00401663238421),0.98955872445 (0.00235538789794),0.406518017316 (0.0071901529832),0.429615427386 (0.0109473270753),0.357495605411 (0.00763868285808),0.324918727129 (0.00729278064302),0.217783596359 (0.00461304746951),0.160061548866 (0.00318997519473),0.144193823052 (0.00306477355484),0.243587398529 (0.0271487075265),8.18403706551 (0.888232323682)
0.851374330212 (0.00338445909182),0.935893333333 (0.00104783374423),"AdaBoostClassifier(algorithm='SAMME', base_estimator=None, learning_rate=1.0,
          n_estimators=100, random_state=None)",0.445110450113 (0.0119376714377),0.350991190219 (0.0107611154944),0.232225801773 (0.00684182731463),0.19709841126 (0.0058412793843),0.123577327365 (0.00277585046114),0.0867328257681 (0.00200762911347),0.0776771957127 (0.00182924052662),0.333224256415 (0.00309951389713),0.525488855766 (0.00686238969725),0.695121486858 (0.00623994994292),0.73911002932 (0.00730150195682),0.925142028197 (0.00558338236902),0.976161492281 (0.00378924747269),0.989044949302 (0.00209771474924),0.38107167638 (0.00561444752356),0.420809527616 (0.00934334330822),0.348105726287 (0.00825826606457),0.311176847771 (0.00774202055891),0.218018011254 (0.00431350114587),0.159304540591 (0.00339537177244),0.144036025147 (0.00314096669711),0.195849752426 (0.045979407446),12.7491276264 (2.57475656438)
0.860243579514 (0.00269433187215),0.9358 (0.0013977760113),"AdaBoostClassifier(algorithm='SAMME.R', base_estimator=None,
          learning_rate=1.0, n_estimators=100, random_state=None)",0.478214523651 (0.0109341709468),0.359813395535 (0.0124758698667),0.239802993315 (0.00565503449849),0.20711756007 (0.00543813778819),0.123541676806 (0.00278215203941),0.087244736036 (0.00199829562671),0.0778282483979 (0.0017298005052),0.35801280952 (0.00485506260975),0.538432558012 (0.0104219384751),0.717760141657 (0.00503898483459),0.774846740118 (0.00320298707431),0.924330873376 (0.0026180767149),0.979087468162 (0.0041336929111),0.98996804698 (0.00283947289645),0.409416823662 (0.00564748936974),0.431304162401 (0.0117169294066),0.35945889426 (0.00644485594704),0.32683277516 (0.00695468698636),0.217939817375 (0.00429993801778),0.160206249158 (0.00336245966594),0.144305641357 (0.00295913278566),0.366114664078 (0.0787128102126),13.3713963985 (3.050377797)
0.500341077061 (0.00166622342607),0.41512 (0.424466736611),"SVC(C=0.1, cache_size=200, class_weight=None, coef0=0.0,
  decision_function_shape=None, degree=3, gamma='auto', kernel='poly',
  max_iter=1000, probability=True, random_state=None, shrinking=True,
  tol=0.001, verbose=False)",0.0558208420307 (0.0116048941127),0.0577058116856 (0.0162121554356),0.0706111956639 (0.0176580624679),0.0732594685517 (0.0185494974982),0.0740217318845 (0.0146469873669),0.0699791120395 (0.00519141307881),0.0698717697345 (0.00227542102783),0.0416851926189 (0.00830414721355),0.0861249814071 (0.0232259575126),0.210390081935 (0.04957498108),0.272881326653 (0.0654906188408),0.552160385755 (0.102602171791),0.784588301014 (0.0455568781138),0.88849126586 (0.0145076874765),0.0477224376343 (0.00967564292478),0.0691004915654 (0.0191006595374),0.105725585371 (0.0260511903704),0.11549910397 (0.0289150800933),0.130535782567 (0.025632707905),0.128491790655 (0.00934391839452),0.129550143842 (0.00402198550045),0.11647400856 (0.0260024244715),16.3746916294 (2.94676339962)
0.500147256314 (0.00138218249776),0.415133333333 (0.424455859765),"SVC(C=1, cache_size=200, class_weight=None, coef0=0.0,
  decision_function_shape=None, degree=3, gamma='auto', kernel='poly',
  max_iter=1000, probability=True, random_state=None, shrinking=True,
  tol=0.001, verbose=False)",0.0562205755417 (0.0116601347257),0.0577867320051 (0.0161575265419),0.0691140361794 (0.016650299808),0.0718463236377 (0.01751216808),0.0732484501033 (0.0139755819275),0.0699524465579 (0.00516045774767),0.0697698129485 (0.0021302199621),0.0419757495196 (0.00830618155388),0.0862208386495 (0.0231126223287),0.206031728424 (0.0470165162364),0.267748154741 (0.0621686721415),0.546542952341 (0.0983629325616),0.784297744113 (0.0452792185696),0.887232185957 (0.013321711087),0.0480589491318 (0.0096972878324),0.0691892625068 (0.0190248456663),0.103496879663 (0.0245972232709),0.113282921657 (0.0273272513332),0.129176354465 (0.024469295403),0.128442942653 (0.00928776672894),0.129361505665 (0.00375370383993),0.113653612137 (0.0330759214253),16.4012578011 (2.91957887544)
0.500537593535 (0.00389652548803),0.590153333333 (0.418799075983),"SVC(C=1, cache_size=200, class_weight=None, coef0=0.0,
  decision_function_shape=None, degree=3, gamma='auto', kernel='linear',
  max_iter=1000, probability=True, random_state=None, shrinking=True,
  tol=0.001, verbose=False)",0.106728847435 (0.0176738675997),0.107564145285 (0.0220273776182),0.0970838193634 (0.0190244699682),0.0929742700973 (0.0181229936345),0.0788880741284 (0.0123687150673),0.0701302164348 (0.00583825885239),0.0678953766519 (0.0031815799491),0.0800586513312 (0.0138416432247),0.16121545036 (0.0331840488393),0.290951227881 (0.0572246916491),0.348384168359 (0.0686246247146),0.591030053441 (0.0947355499007),0.787589741186 (0.068962157237),0.863978437872 (0.0451654772203),0.0914775266297 (0.0155031571779),0.129018925919 (0.0264465390391),0.145573735111 (0.0285240083847),0.146764606069 (0.0286450122428),0.139188794048 (0.021858224878),0.1287867548 (0.0107365534426),0.125892311169 (0.00590158942279),0.100789785385 (0.0259885181431),24.8701450348 (1.94525787287)
0.50086361324 (0.00168470180501),0.24102 (0.346826516095),"SVC(C=1, cache_size=200, class_weight=None, coef0=0.0,
  decision_function_shape=None, degree=3, gamma='auto', kernel='poly',
  max_iter=2000, probability=True, random_state=None, shrinking=True,
  tol=0.001, verbose=False)",0.0599308282155 (0.0101172934348),0.0553472350494 (0.0108646108501),0.0648523264201 (0.00915878010326),0.0672869870789 (0.0113146123582),0.0695703010625 (0.0140071945186),0.0673076489172 (0.00741914985886),0.0672888041469 (0.00470160655786),0.168419822458 (0.253284314126),0.194976982459 (0.239983056787),0.283422138148 (0.196746745067),0.329521034655 (0.17657499564),0.540971187415 (0.118780833181),0.771976581544 (0.0872138644938),0.866306122035 (0.0567588972126),0.0657004371548 (0.0361460739122),0.0755024810897 (0.0310359168326),0.101772805263 (0.0206135544587),0.109520681755 (0.0213032778028),0.123219603839 (0.0248639517112),0.123799402155 (0.0135673121212),0.124869190032 (0.00861946195777),0.119700241089 (0.0410921374372),25.8926386833 (3.36255528884)
0.500105389779 (0.000280031683978),0.241006666667 (0.346833134006),"SVC(C=0.1, cache_size=200, class_weight=None, coef0=0.0,
  decision_function_shape=None, degree=3, gamma='auto', kernel='poly',
  max_iter=2000, probability=True, random_state=None, shrinking=True,
  tol=0.001, verbose=False)",0.057527274176 (0.00870581114003),0.0580426333572 (0.0158086700519),0.0659530809066 (0.0144747199112),0.0672252594461 (0.0156650551505),0.0669022065196 (0.0148494705594),0.0660770632416 (0.00671227841125),0.0671424650014 (0.00436595613768),0.0430753669177 (0.00636971202857),0.0867583740614 (0.022976972909),0.197365129451 (0.0425529373462),0.251542537307 (0.0580118898027),0.500657299086 (0.111528101392),0.741283450589 (0.07237769419),0.85361725244 (0.0482567003056),0.0492571728866 (0.00734250795348),0.0695450352381 (0.0187266513577),0.0988583940722 (0.0215881593539),0.106087451665 (0.0246560266695),0.118025676011 (0.0261978781762),0.121333197488 (0.0122657833218),0.124488052579 (0.00798887604845),0.119359588623 (0.0332894382192),26.1978382587 (3.74628854641)
0.467178828869 (0.0546139830628),0.486273333333 (0.385893356829),"SVC(C=0.1, cache_size=200, class_weight=None, coef0=0.0,
  decision_function_shape=None, degree=3, gamma='auto', kernel='linear',
  max_iter=1000, probability=True, random_state=None, shrinking=True,
  tol=0.001, verbose=False)",0.0504996668887 (0.0170031681716),0.0438520493169 (0.0133482032692),0.0431594734211 (0.0133490131429),0.0436208505533 (0.0137681864317),0.0498633424438 (0.0132153379695),0.0580863072752 (0.00802114547293),0.0612446570723 (0.00559388968794),0.0377986281241 (0.012907962375),0.0655501144658 (0.0198625390431),0.128802152619 (0.0385699509942),0.162666958752 (0.0495155394582),0.371783860812 (0.0927581195023),0.650885435669 (0.0806457507406),0.778199915285 (0.0597998426639),0.043229684611 (0.0146650800635),0.0525423763314 (0.0159535610401),0.0646477839118 (0.0198290327428),0.0687877594113 (0.0215433593727),0.0879282670094 (0.0231398950047),0.106650044747 (0.0145944311595),0.113548305858 (0.0102372124291),0.118009757996 (0.033126156895),32.5742323875 (1.75736280723)
0.503069138365 (0.00315038623245),0.590446666667 (0.418453332377),"SVC(C=1, cache_size=200, class_weight=None, coef0=0.0,
  decision_function_shape=None, degree=3, gamma='auto', kernel='linear',
  max_iter=2000, probability=True, random_state=None, shrinking=True,
  tol=0.001, verbose=False)",0.0824783477682 (0.0199306342902),0.0797067644119 (0.0288520450354),0.0730211631395 (0.029085509733),0.0702839621384 (0.0268563058141),0.0642623825078 (0.018437522296),0.0631083062975 (0.00908006523893),0.0637465197443 (0.00533321645899),0.0616876952906 (0.0146858423035),0.119127778817 (0.0427059026506),0.218133174596 (0.0860070101383),0.262537417657 (0.0992782989199),0.480173665109 (0.134811712948),0.707785543159 (0.0970313720398),0.810555585634 (0.0627989739522),0.0705742602372 (0.0168914339432),0.0954969045015 (0.0344185389874),0.109404028745 (0.0434547311409),0.110873298794 (0.0422617120241),0.113347842396 (0.032428918492),0.115879066497 (0.0165931234044),0.118192759627 (0.00980976875665),0.107190227509 (0.0267755019038),34.8568037987 (3.06154268839)
0.526488172519 (0.0364211387899),0.485186666667 (0.385214960826),"SVC(C=0.1, cache_size=200, class_weight=None, coef0=0.0,
  decision_function_shape=None, degree=3, gamma='auto', kernel='linear',
  max_iter=2000, probability=True, random_state=None, shrinking=True,
  tol=0.001, verbose=False)",0.0831445702865 (0.0265333939112),0.081839386871 (0.0253289251247),0.0805865689052 (0.022798880341),0.0796693774163 (0.0210877401617),0.0766215585628 (0.0161243556143),0.0715257099684 (0.00898545400017),0.0694953139093 (0.00546299112832),0.0624235149587 (0.0205250087084),0.122870618542 (0.039021928794),0.241922858696 (0.070637472554),0.298823603811 (0.0814854360567),0.574296272602 (0.124917980895),0.80315048211 (0.10286447548),0.884230377865 (0.0713333441936),0.0712986266611 (0.0231311965762),0.0982276938406 (0.0306904998237),0.12088546723 (0.0344445869814),0.125785752295 (0.0334760309239),0.135195465765 (0.0285392650388),0.131347524635 (0.0164998997878),0.128857563692 (0.0101129184409),0.101510429382 (0.0258308164257),43.3760894299 (2.92925948888)
0.508351260294 (0.00353683725796),0.9319 (0.00178437664186),"SVC(C=0.1, cache_size=200, class_weight=None, coef0=0.0,
  decision_function_shape=None, degree=3, gamma='auto', kernel='rbf',
  max_iter=1000, probability=True, random_state=None, shrinking=True,
  tol=0.001, verbose=False)",0.0813111186792 (0.0180992183494),0.0665233973527 (0.0015283257165),0.0665233973527 (0.0015283257165),0.0665233973527 (0.0015283257165),0.0665233973527 (0.0015283257165),0.0665233973527 (0.0015283257165),0.0665233973527 (0.0015283257165),0.577168552291 (0.407769576019),0.907843162743 (0.00589527723158),0.907843162743 (0.00589527723158),0.907843162743 (0.00589527723158),0.907843162743 (0.00589527723158),0.907843162743 (0.00589527723158),0.907843162743 (0.00589527723158),0.110107875899 (0.017888793103),0.123957329691 (0.00262182262924),0.123957329691 (0.00262182262924),0.123957329691 (0.00262182262924),0.123957329691 (0.00262182262924),0.123957329691 (0.00262182262924),0.123957329691 (0.00262182262924),1.62448763847 (0.0466197160604),143.111864805 (1.15760380078)
0.513949250882 (0.00611019716778),0.932553333333 (0.0016688785323),"SVC(C=1, cache_size=200, class_weight=None, coef0=0.0,
  decision_function_shape=None, degree=3, gamma='auto', kernel='rbf',
  max_iter=1000, probability=True, random_state=None, shrinking=True,
  tol=0.001, verbose=False)",0.0976877106804 (0.015134164917),0.0673487702563 (0.00204511944706),0.0673487702563 (0.00204511944706),0.0673487702563 (0.00204511944706),0.0673487702563 (0.00204511944706),0.0673487702563 (0.00204511944706),0.0673487702563 (0.00204511944706),0.239472476506 (0.320827047931),0.899820418145 (0.012116768594),0.899820418145 (0.012116768594),0.899820418145 (0.012116768594),0.899820418145 (0.012116768594),0.899820418145 (0.012116768594),0.899820418145 (0.012116768594),0.097449530389 (0.0146086618048),0.125304002327 (0.00345258981504),0.125304002327 (0.00345258981504),0.125304002327 (0.00345258981504),0.125304002327 (0.00345258981504),0.125304002327 (0.00345258981504),0.125304002327 (0.00345258981504),1.63796238899 (0.0580341118128),143.675704813 (1.06086714351)
